{
    "start_time": 1749998537.1835077,
    "bin_count": 1,
    "n_channels": 16,
    "channels": {},
    "end_time": 1749999084.2702785,
    "total_time": 547.086770772934
}