{
    "start_time": 1749987300.276457,
    "bin_count": 1,
    "n_channels": 16,
    "channels": {},
    "end_time": 1749989746.487733,
    "total_time": 2446.2112758159637
}